<annotation>
  <folder>frame</folder>
  <filename>000000.jpg</filename>
  <source>
    <database>Unknown</database>
    <annotation>Unknown</annotation>
    <image>Unknown</image>
  </source>
  <size>
    <width>300</width>
    <height>300</height>
    <depth />
  </size>
  <segmented>0</segmented>
  <object>
  <name>RelTT</name>
  <truncated>0</truncated>
  <truncated>0</truncated>
  <difficult>0</difficult>
  <pose>Unspecified</pose>
  <occluded>0</occluded>
  <difficult>0</difficult>
  <bndbox>
    <xmin>151.2849</xmin>
    <ymin>63.4562</ymin>
    <xmax>176.8787</xmax>
    <ymax>77.6781</ymax>
  </bndbox>
  <attributes>
    <attribute>
      <name>name</name>
      <value>RelTT</value>
    </attribute>
    <attribute>
      <name>rotation</name>
      <value>0.0</value>
    </attribute>
    <attribute>
      <name>track_id</name>
      <value>0</value>
    </attribute>
    <attribute>
      <name>keyframe</name>
      <value>True</value>
    </attribute>
  </attributes>
</object>
</annotation>