{
    "Battery": 0,
    "BoltWasher": 1,
    "ClampPart": 2,
    "Cutter": 3,
    "PlasticPart": 4,
    "Bolt": 5,
    "LuggageTag": 6,
    "Nail": 7,
    "Pliers": 8,
    "Label": 9,
    "Washer": 10,
    "Wrench": 11,
    "FuelCap": 12,
    "Nut": 13,
    "MetalSheet": 14,
    "Hose": 15,
    "AdjustableClamp": 16,
    "AdjustableWrench": 17,
    "BoltNutSet": 18,
    "Hammer": 19,
    "LuggagePart": 20,
    "MetalPart": 21,
    "PaintChip": 22,
    "Pen": 23,
    "Rock": 24,
    "Screw": 25,
    "Screwdriver": 26,
    "SodaCan": 27,
    "Wire": 28,
    "Wood": 29,
    "Tape": 30
}
