<annotation>
  <folder>frame</folder>
  <filename>000013.jpg</filename>
  <source>
    <database>Unknown</database>
    <annotation>Unknown</annotation>
    <image>Unknown</image>
  </source>
  <size>
    <width>300</width>
    <height>300</height>
    <depth />
  </size>
  <segmented>0</segmented>
  <object>
  <name>Scissors</name>
  <truncated>0</truncated>
  <truncated>0</truncated>
  <difficult>0</difficult>
  <pose>Unspecified</pose>
  <occluded>0</occluded>
  <difficult>0</difficult>
  <bndbox>
    <xmin>113.989</xmin>
    <ymin>50.2781</ymin>
    <xmax>220.6103</xmax>
    <ymax>97.6781</ymax>
  </bndbox>
  <attributes>
    <attribute>
      <name>rotation</name>
      <value>0.0</value>
    </attribute>
    <attribute>
      <name>track_id</name>
      <value>0</value>
    </attribute>
    <attribute>
      <name>keyframe</name>
      <value>False</value>
    </attribute>
  </attributes>
</object>
</annotation>